id,customer_name,customer_email,request_type,summary,description,expected_category,expected_priority
1,Maria Lopez,maria.lopez@example.com,Reschedule or cancel,"Need to move Saturday appointment","I booked a haircut for Saturday at 2 but something came up. Can I move it to Sunday?",,
2,James Carter,james.carter@example.com,Booking problem,"No times showing for Sunday evening","I'm trying to book a full color for Sunday after work but the latest time it offers is way earlier than I expected. The site says you're open until 6 on Sundays. Can I get a 5 pm slot?",,
3,Priya Nair,priya.nair@example.com,Confirmation email not received,"No confirmation email","I booked a facial about an hour ago and got the Booking Confirmed page but no email yet. Is my appointment actually booked?",,
4,Daniel Kim,daniel.kim@example.com,Chat assistant (Iris) question,"Can the chat book for me?","Hi, is the chat assistant on your site able to make a booking for me or is it just for questions? I'd rather not fill in the whole form on my phone.",,
5,Aisha Bello,aisha.bello@example.com,Reschedule or cancel,"Change time, booked without an account","I booked an eyebrow threading appointment as a guest, I never made an account. How do I change the time? There's no login for me.",,
6,Tom Becker,tom.becker@example.com,Something is broken (bug report),"Something went wrong error when booking","I had the booking page open since last night and picked a keratin treatment and a time this morning. When I hit confirm it just said Something went wrong. I tried twice. Very annoying, I just want to book.",,
7,Grace Liu,grace.liu@example.com,General question,"Where do I park?","Coming in for the first time next week. What's the exact address and is there parking nearby?",,
8,Olivia Brooks,olivia.brooks@example.com,Reschedule or cancel,"Sick, need to cancel tomorrow, will I be charged?","I woke up with a fever and need to cancel my appointment tomorrow morning. The booking form said something about a late cancellation fee under 24 hours. Am I going to be charged for this? I really can't come in.",,
9,Rosa Martinez,rosa.martinez@example.com,Booking problem,"Can't book for my whole family","I'm booking haircuts for me, my mom and my two daughters on the same day. The first three went through but the fourth one keeps failing. I used the same email and phone for all of them since the girls are kids.",,
10,Kevin Patel,kevin.patel@example.com,General question,"Didn't get a text reminder","My appointment was today and I almost forgot because I never got a text reminder. Other places text me the day before. Can you turn that on for my number?",,
11,Hannah Schmidt,hannah.schmidt@example.com,Something is broken (bug report),"Chat box won't let me type","The chat on your site says typed messages are unavailable right now. Is it broken? I wanted to ask about lash lifts.",,
12,Marcus Johnson,marcus.johnson@example.com,Reschedule or cancel,"No reschedule button on my profile","I have an account and I can see my appointment on my profile, but there's only a Cancel button. I don't want to cancel, I just want to move it to the following week. How do I do that?",,
13,Linda Okafor,linda.okafor@example.com,Booking problem,"booking doesnt work","tried to book on the website and it doesnt work",,
14,Sofia Rinaldi,sofia.rinaldi@example.com,Confirmation email not received,"No reminder email for today's appointment","I booked this morning for this afternoon and didn't get a reminder email. My friend said she got one the day before hers. Did something go wrong with my booking?",,
15,Ethan Wright,ethan.wright@example.com,Reschedule or cancel,"Please cancel my appointment on the 18th","Hi, please cancel my waxing appointment on the 18th. Thanks.",,
16,Chloe Dubois,chloe.dubois@example.com,Something is broken (bug report),"Booking shows the wrong day","I booked from London last week for when I'm visiting. I picked Tuesday at 10 am but my confirmation email says Monday. I nearly showed up on the wrong day! Which one is right?? This is really not ok.",,
17,Ben Harris,ben.harris@example.com,General question,"Price for balayage?","How much do you charge for balayage on shoulder length hair? I don't see how long it takes either.",,
18,Mei Chen,mei.chen@example.com,Chat assistant (Iris) question,"Chat said my confirmation expired","I was booking through the chat, went to check my calendar, came back and tapped confirm and it said That confirmation has expired. Did it book or not?",,
19,Jordan Reyes,jordan.reyes@example.com,Reschedule or cancel,"Running late, can I push to 4?","Stuck in traffic, I have a 3 pm haircut today. Can you move me to 4 pm instead? Please let me know asap.",,
20,Fatima Hassan,fatima.hassan@example.com,Booking problem,"Can't book the new facial online","I saw you added a new hydrating facial. When I pick it, it says you can't book it online right now and to call. Is it available or not?",,
21,Lucas Silva,lucas.silva@example.com,Confirmation email not received,"Typed my email wrong","I think I made a typo in my email when booking yesterday, I put gmial instead of gmail. I never got the confirmation. Can you fix the email on my booking?",,
22,Nina Petrova,nina.petrova@example.com,Reschedule or cancel,"Cancelled to change time, now what?","I wanted to change my time so I clicked the link in my confirmation email and it cancelled the appointment. Then the email said book a new appointment. Do I really have to book again from the start? I just wanted a different time.",,
23,Sam Whitaker,sam.whitaker@example.com,Chat assistant (Iris) question,"Chat says there are no offers","Your booking page says eyebrow threading is free with a facial but when I asked the chat about current offers it said there aren't any. Which is it? Is the threading still free?",,
24,Emily Novak,emily.novak@example.com,Booking problem,"Any stylist is fine","When booking I have to pick a specific stylist. I don't care who, I just want the earliest time. Is there an anyone available option?",,
25,Ryan O'Neill,ryan.oneill@example.com,Chat assistant (Iris) question,"Chat won't move my appointment","I asked the chat to move my appointment to Friday and it said I need to be signed in, or to cancel with the link in my email and book again. I don't have an account. Why can't it just move it?",,
26,Isabella Rossi,isabella.rossi@example.com,Something is broken (bug report),"My booking isn't in My appointments","I booked last week without an account, then signed up today with the same email. My appointments is empty. Did my booking get lost?",,
27,Chris Morgan,chris.morgan@example.com,General question,"Sunday hours","What time do you close on Sundays? And are you open every day?",,
28,Megan Foster,megan.foster@example.com,Confirmation email not received,"NO EMAIL AT ALL","I booked 2 days ago and have gotten NOTHING. No confirmation, nothing. I checked everything. I don't even know if I have an appointment on Thursday. This is ridiculous, I'm about to just go somewhere else.",,
29,Arjun Mehta,arjun.mehta@example.com,Reschedule or cancel,"How to cancel from my account","I'm signed in. Where do I cancel? I don't have the email anymore.",,
30,Laura Bennett,laura.bennett@example.com,Booking problem,"Booking for my wedding in 7 months","My wedding is in May, about 7 months from now. I want to lock in hair for that morning but the calendar won't let me pick anything after early April. Can you book it for me?",,
31,Victor Alvarez,victor.alvarez@example.com,Chat assistant (Iris) question,"question about the bot","does the bot know prices",,
32,Zoe Campbell,zoe.campbell@example.com,Reschedule or cancel,"Push my appointment back a week","Something came up at work. I'm signed in to my account and booked for next Wednesday. Can I push it back exactly one week, same time?",,
33,Noah Fischer,noah.fischer@example.com,Confirmation email not received,"Resend Email didn't work","I pressed Resend Email on my profile page twice and still nothing. I checked spam. Now the button says to wait. My appointment is tomorrow.",,
34,Elena Popescu,elena.popescu@example.com,Something is broken (bug report),"Contact form fails","I tried to send a message through the contact form and it gave an error and told me to call. I can't call during work. Is the form broken?",,
35,Dev Sharma,dev.sharma@example.com,Booking problem,"Phone number invalid?","The booking form keeps saying my phone number is invalid. I'm typing 555.010.7788. What format does it want?",,
36,Kayla Nguyen,kayla.nguyen@example.com,Reschedule or cancel,"change","need to change my thing next week",,
37,Amara Obi,amara.obi@example.com,Booking problem,"Bridal party, 5 people","Do you do hair for bridal parties? There would be 5 of us on a Saturday morning. Not sure how to book a group.",,
38,Greg Lawson,greg.lawson@example.com,Chat assistant (Iris) question,"Your chatbot is useless","Asked your chatbot three different ways when my appointment is and it kept giving me a menu. Useless. Just tell me when my appointment is.",,
39,Hiro Tanaka,hiro.tanaka@example.com,Reschedule or cancel,"Cancel a booking my husband made","My husband booked a haircut for me using his email. I need to cancel it but I don't have the email. Can you cancel it?",,
40,Bianca Costa,bianca.costa@example.com,Booking problem,"Can't pick my stylist","When I book threading it never asks me to choose a stylist, it goes straight to the date. I wanted to make sure I get the same person as last time.",,
